txn_id,date,type,amount,narration,ref_no
TXN-20260902-01,2026-09-03,DEBIT,17700.0,NEFT/SHARMA TRADING COMPANY/CANB000182/INV1041,UTR-CNB0903001
TXN-20260904-02,2026-09-05,DEBIT,41300.0,RTGS/POLYCAB WIRES AND CABLES/HDFC000021/POL98214,UTR-HDF0905002
TXN-20260905-03,2026-09-06,DEBIT,25960.0,NEFT/HAVELLS INDIA LIMITED/YESB000014/HAV4412,UTR-YES0906003
TXN-20260906-04,2026-09-07,DEBIT,21830.0,IMPS/SUPREME INDUSTRIES LTD/PUNB0021/0911,UTR-PUN0907004
TXN-20260908-05,2026-09-09,DEBIT,66560.0,RTGS/ASIAN PAINTS LIMITED/SBIN000412/771,UTR-SBI0909005
TXN-20260910-06,2026-09-11,DEBIT,14632.0,NEFT/FINOLEX CABLES LTD/ICIC000091/00921,UTR-ICI0911006
TXN-20260911-07,2026-09-12,DEBIT,10502.0,UPI/ANCHOR BY PANASONIC/KKBK00011/3012,UTR-KKB0912007
TXN-20260912-08,2026-09-13,DEBIT,36580.0,RTGS/SCHNEIDER ELECTRIC INDIA/AXIS0009/5541,UTR-AXI0913008
TXN-20260913-09,2026-09-14,DEBIT,16756.0,NEFT/GODREJ LOCKING SOLUTIONS/CORP0001/8801,UTR-COR0914009
TXN-20260914-10,2026-09-15,DEBIT,9204.0,IMPS/MANGALORE TOOLS & FASTENERS/SYNB001/0492,UTR-SYN0915010
TXN-20260916-11,2026-09-17,DEBIT,28320.0,NEFT/SHARMA TRDRS BLR/AXIS00091/SETTL,UTR-AXI0917011
TXN-20260917-12,2026-09-18,DEBIT,23010.0,RTGS/POLYWIRES/CBIN0280/WIREPYMT,UTR-CBI0918012
TXN-20260918-13,2026-09-19,DEBIT,44840.0,HAVELLS KA CLG CHQ 7712/MANIPAL BR,UTR-CHQ0919013
TXN-20260919-14,2026-09-20,DEBIT,18880.0,NEFT/SUPREME PLAST/HDFC0012/FITTINGS,UTR-HDF0920014
TXN-20260920-15,2026-09-21,DEBIT,47200.0,RTGS/SHARMA TRDRS/AXIS00091/BULK STC1042-43,UTR-AXI0921015
TXN-20260921-16,2026-09-22,DEBIT,85000.0,RTGS/APL BLR DEPOT/SBIN000412/CONSOLIDATED,UTR-SBI0922016
TXN-20260922-17,2026-09-23,DEBIT,30000.0,NEFT/ANCHOR ELEC/KKBK00011/PART PYMT 3199,UTR-KKB0923017
TXN-20260923-18,2026-09-24,DEBIT,24500.0,NEFT/GODREJ LOCKS/CORP0001/LESS 2PCT CASH DISC,UTR-COR0924018
TXN-20260925-19,2026-09-25,DEBIT,15000.0,CHQ WDL/SHOP RENT TIGER CIRCLE/SRI KRISHNA COMPLEX,UTR-CHQ0925019
TXN-20260926-20,2026-09-26,DEBIT,4200.0,MESCOM ELECTRICITY BILL/MANIPAL SUBDIV,UTR-MES0926020
TXN-20260927-21,2026-09-27,DEBIT,3500.0,STAFF TEA AND LUNCH ALLOWANCE/CASH,UTR-CSH0927021
TXN-20260928-22,2026-09-28,DEBIT,50000.0,TRANSFER TO CURRENT ACC OVERDRAFT,UTR-TRF0928022
